,CVE or bug ID,file,impact,type,description (if no immediate),,,,"Ignore: test files, config files, headers"
mfsa2016-94,CVE-2016-9894,gfx/skia/skia/src/gpu/GrResourceProvider.cpp,critical,buffer-overflow,"A buffer overflow in SkiaGl caused when a GrGLBuffer is truncated during allocation. Later writers will overflow the buffer, resulting in a potentially exploitable crash.",,,,
mfsa2016-94,CVE-2016-9899,dom/base/nsNodeUtils.cpp,critical,use-after-free,Use-after-free while manipulating DOM events and removing audio elements due to errors in the handling of node adoption.,,,,
mfsa2016-94,CVE-2016-9895,dom/base/nsDocument.cpp,high,injection,Event handlers on˜marquee˜elements were executed despite a strict Content Security Policy (CSP) that disallowed inline JavaScript.,,,,
mfsa2016-94,CVE-2016-9896,dom/base/Navigator.cpp,high,use-after-free,Use-after-free while manipulating the˜navigator˜object within WebVR.˜,,,,
,,dom/vr/VRDisplay.cpp,,,Note: WebVR is not currently enabled by default.,,,,
,,gfx/vr/ipc/VRManagerChild.cpp,,,,,,,
mfsa2016-94,CVE-2016-9897,gfx/angle/src/libANGLE/renderer/d3d/hlsl/VaryingPacking.cpp,high,memory-corruption,Memory corruption resulting in a potentially exploitable crash during WebGL functions using a vector constructor with a varying array within libGLES.,,,,
mfsa2016-94,CVE-2016-9898,editor/libeditor/HTMLEditor.cpp,high,use-after-free,Use-after-free resulting in potentially exploitable crash when manipulating DOM subtrees in the Editor.,,,,
mfsa2016-94,CVE-2016-9900,dom/base/nsDataDocumentContentPolicy.cpp,high,data-leakage,External resources that should be blocked when loaded by SVG images can bypass security restrictions through the use of˜data:˜URLs. This could allow for cross-domain data leakage.,,,,
mfsa2016-94,CVE-2016-9904,js/src/builtin/MapObject.cpp,high,data-leakage,"An attacker could use a JavaScript Map/Set timing attack to determine whether an atom is used by another compartment/zone in specific contexts. This could be used to leak information, such as usernames embedded in JavaScript code, across websites.",,,,
,,js/src/gc/Allocator.cpp,,,,,,,
,,js/src/jit/VMFunctions.cpp,,,,,,,
,,js/src/jsatom.cpp,,,,,,,
,,js/src/jscompartment.cpp,,,,,,,
,,js/src/vm/Runtime.cpp,,,,,,,
,,js/src/vm/String.cpp,,,,,,,
mfsa2016-94,CVE-2016-9080,layout/style/nsRuleNode.cpp,critical,arbitrary-code,"Mozilla developers and community members Kan-Ru Chen, Christian Holler, and Tyson Smith reported memory safety bugs present in Firefox 50.0.2. Some of these bugs showed evidence of memory corruption and we presume that with enough effort that some of these could be exploited to run arbitrary code.",,,,
,,gfx/skia/skia/src/effects/gradients/Sk4fGradientBase.cpp,,,,,,,
,,gfx/skia/skia/src/effects/gradients/Sk4fLinearGradient.cpp,,,,,,,
,,js/src/builtin/RegExp.cpp,,,,,,,
mfsa2016-94,CVE-2016-9893,dom/cache/ReadStream.cpp,critical,arbitrary-code,"Mozilla developers and community members Jan de Mooij, Iris Hsiao, Christian Holler, Carsten Book, Timothy Nikkel, Christoph Diehl, Olli Pettay, Raymond Forbes, Boris Zbarsky, and Marco Castelluccio reported memory safety bugs present in Firefox 50.0.2 and Firefox ESR 45.5.1. Some of these bugs showed evidence of memory corruption and we presume that with enough effort that some of these could be exploited to run arbitrary code.",,,,
,,dom/media/MediaRecorder.cpp,,,,,,,
,,netwerk/protocol/http/nsHttpChunkedDecoder.cpp,,,,,,,
,,dom/plugins/base/nsJSNPRuntime.cpp,,,,,,,
,,gfx/2d/Factory.cpp,,,,,,,
,,docshell/base/nsDocShell.cpp,,,,,,,
,,dom/media/MediaDecoder.cpp,,,,,,,
,,dom/media/MediaFormatReader.cpp,,,,,,,
,,dom/media/MediaDecoderReader.cpp,,,,,,,
,,js/src/proxy/Wrapper.cpp,,,,,,,
,,netwerk/base/ArrayBufferInputStream.cpp,,,,,,,
,,js/src/vm/ObjectGroup.cpp,,,,,,,
mfsa2017-01,CVE-2017-5376,dom/xslt/xslt/txExecutionState.cpp,critical,use-after-free,Use-after-free while manipulating XSL in XSLT documents,,,,
mfsa2017-01,CVE-2017-5377,gfx/skia/skia/src/effects/gradients/Sk4fGradientBase.cpp,critical,memory-corruption,"A memory corruption vulnerability in Skia that can occur when using transforms to make gradients, resulting in a potentially exploitable crash.",,,,
,,gfx/skia/skia/src/effects/gradients/SkGradientShader.cpp,,,,,,,
,,gfx/skia/skia/src/effects/gradients/SkLinearGradient.cpp,,,,,,,
,,gfx/skia/skia/src/effects/gradients/SkRadialGradient.cpp,,,,,,,
,,gfx/skia/skia/src/effects/gradients/SkSweepGradient.cpp,,,,,,,
,,gfx/skia/skia/src/effects/gradients/SkTwoPointConicalGradient.cpp,,,,,,,
mfsa2017-01,CVE-2017-5378,js/src/builtin/MapObject.cpp,high,data-leakage,"Hashed codes of JavaScript objects are shared between pages. This allows for pointer leaks because an object_s address can be discovered through hash codes, and also allows for data leakage of an object_s content using these hash codes.",,,,
,,js/src/gc/Zone.cpp,,,,,,,
,,js/src/jscompartment.cpp,,,,,,,
,,js/src/jsgc.cpp,,,,,,,
,,js/src/vm/Runtime.cpp,,,,,,,
,,js/src/builtin/MapObject.cpp,,,,,,,
mfsa2017-01,CVE-2017-5379,dom/base/nsDocument.cpp,high,use-after-free,Use-after-free vulnerability in Web Animations when interacting with cycle collection found through fuzzing.,,,,
mfsa2017-01,CVE-2017-5380,layout/base/PresShell.cpp,high,use-after-free,A potential use-after-free found through fuzzing during DOM manipulation of SVG content.,,,,
mfsa2017-01,CVE-2017-5389,toolkit/mozapps/extensions/AddonManagerWebAPI.cpp,high,privilege-escalation,WebExtensions could use the˜mozAddonManager˜API by modifying the CSP headers on sites with the appropriate permissions and then using host requests to redirect script loads to a malicious site. This allows a malicious extension to then install additional extensions without explicit user permission.,,,,
mfsa2017-01,CVE-2017-5396,dom/base/nsDocument.cpp,high,use-after-free,A use-after-free vulnerability in the Media Decoder when working with media files when some events are fired after the media elements are freed from memory.,,,,
mfsa2017-01,CVE-2017-5382,dom/bindings/Exceptions.cpp,moderate,data-leakage,"Feed preview for RSS feeds can be used to capture errors and exceptions generated by privileged content, allowing for the exposure of internal information not meant to be seen by web content.",,,,
,,js/xpconnect/src/XPCThrower.cpp,,,,,,,
,,dom/bindings/CallbackObject.cpp,,,,,,,
mfsa2017-01,CVE-2017-5383,intl/uconv/nsTextToSubURI.cpp,moderate,?,"URLs containing certain unicode glyphs for alternative hyphens and quotes do not properly trigger punycode display, allowing for domain name spoofing attacks in the location bar.",,,,
,,netwerk/base/nsPACMan.cpp,,,,,,,
,,netwerk/base/ProxyAutoConfig.cpp,,,,,,,
mfsa2017-01,CVE-2017-5385,dom/base/nsDocument.cpp,moderate,data-leakage,"Data sent with in multipart channels, such as the multipart/x-mixed-replace MIME type, will ignore the referrer-policy response header, leading to potential information disclosure for sites using this header.",,,,
mfsa2017-01,CVE-2017-5391,caps/nsScriptSecurityManager.cpp,moderate,privilege-escalation,"Special˜about:˜pages used by web content, such as RSS feeds, can load privileged˜about:˜pages in an iframe. If a content-injection bug were found in one of those pages this could allow for potential privilege escalation.",,,,
mfsa2017-01,CVE-2017-5387,dom/html/HTMLTrackElement.cpp,low,data-leakage,The existence of a specifically requested local file can be found due to the double firing of the˜onerror˜when the˜source˜attribute on a˜<track>˜tag refers to a file that does not exist if the source page is loaded locally.,,,,
mfsa2017-01,CVE-2017-5388,media/mtransport/nr_socket_prsock.cpp,low,denial-of-service,"A STUN server in conjunction with a large number of˜webkitRTCPeerConnection˜objects can be used to send large STUN packets in a short period of time due to a lack of rate limiting being applied on e10s systems, allowing for a denial of service attack.",,,,
mfsa2017-01,CVE-2017-5374,dom/base/nsAttrAndChildArray.cpp,critical,arbitrary-code,"Mozilla developers and community members Gary Kwong, Olli Pettay, Tooru Fujisawa, Carsten Book, Andrew McCreight, Chris Pearce, Ronald Crane, Jan de Mooij, Julian Seward, Nicolas Pierron, Randell Jesup, Esther Monchari, Honza Bambas, and Philipp reported memory safety bugs present in Firefox 50.1. Some of these bugs showed evidence of memory corruption and we presume that with enough effort that some of these could be exploited to run arbitrary code.",,,,
,,dom/base/WebSocket.cpp,,,,,,,
,,js/src/ctypes/Library.cpp,,,,,,,
,,xpcom/string/nsReadableUtils.cpp,,,,,,,
,,xpcom/string/nsTSubstringTuple.cpp,,,,,,,
,,dom/indexedDB/ActorsParent.cpp,,,,,,,
,,dom/base/nsDOMClassInfo.cpp,,,,,,,
,,js/xpconnect/src/Sandbox.cpp,,,,,,,
,,js/xpconnect/src/XPCComponents.cpp,,,,,,,
,,js/xpconnect/src/XPCJSContext.cpp,,,,,,,
,,js/xpconnect/src/XPCJSID.cpp,,,,,,,
,,js/xpconnect/src/XPCMaps.cpp,,,,,,,
,,js/xpconnect/src/XPCWrappedNative.cpp,,,,,,,
,,js/xpconnect/src/XPCWrappedNativeJSOps.cpp,,,,,,,
,,storage/mozStorageAsyncStatementJSHelper.cpp,,,,,,,
,,storage/mozStorageAsyncStatementParams.cpp,,,,,,,
,,storage/mozStorageStatementJSHelper.cpp,,,,,,,
,,storage/mozStorageStatementRow.cpp,,,,,,,
,,toolkit/components/ctypes/ctypes.cpp,,,,,,,
,,toolkit/components/perf/PerfMeasurement.cpp,,,,,,,
,,toolkit/components/reflect/reflect.cpp,,,,,,,
,,js/src/jit/IonAnalysis.cpp,,,,,,,
,,js/src/jit/MIRGraph.cpp,,,,,,,
,,gfx/layers/ipc/CompositorBridgeParent.cpp,,,,,,,
,,gfx/layers/ipc/LayerTransactionParent.cpp,,,,,,,
,,dom/media/DOMMediaStream.cpp,,,,,,,
,,js/src/irregexp/NativeRegExpMacroAssembler.cpp,,,,,,,
,,js/src/jit/CodeGenerator.cpp,,,,,,,
,,js/src/jit/MacroAssembler.cpp,,,,,,,
,,js/src/jit/SharedIC.cpp,,,,,,,
,,js/src/jit/x86/CodeGenerator-x86.cpp,,,,,,,
,,dom/media/gmp/widevine-adapter/WidevineUtils.cpp,,,,,,,
,,media/libcubeb/src/cubeb_wasapi.cpp,,,,,,,
,,dom/workers/ServiceWorkerRegistration.cpp,,,,,,,
,,gfx/layers/client/ClientLayerManager.cpp,,,,,,,
,,js/src/jit/RangeAnalysis.cpp,,,,,,,
mfsa2017-01,CVE-2017-5373,js/src/gc/Marking.cpp,critical,arbitrary-code,"Mozilla developers and community members Christian Holler, Gary Kwong, Andr_ Bargull, Jan de Mooij, Tom Schuster, and Oriol reported memory safety bugs present in Firefox 50.1 and Firefox ESR 45.6. Some of these bugs showed evidence of memory corruption and we presume that with enough effort that some of these could be exploited to run arbitrary code.",,,,
,,js/src/jsgc.cpp,,,,,,,
,,js/src/jit/IonBuilder.cpp,,,,,,,
,,js/src/jit/BaselineIC.cpp,,,,,,,
,,js/src/jit/SharedIC.cpp,,,,,,,
,,js/src/jscompartment.cpp,,,,,,,
,,js/src/vm/TypedArrayObject.cpp,,,,,,,
,,js/src/vm/ArrayBufferObject.cpp,,,,,,,
,,js/src/vm/TypedArrayObject.cpp,,,,,,,
,,dom/base/nsDOMClassInfo.cpp,,,,,,,
mfsa2016-92,CVE-2016-9079,dom/smil/nsSMILTimeContainer.cpp,critical,use-after-free,A use-after-free vulnerability in SVG Animation has been discovered. An exploit built on this vulnerability has been discovered in the wild targeting Firefox and Tor Browser users on Windows.,,,,
mfsa2016-91,CVE-2016-9078,caps/nsScriptSecurityManager.cpp,critical,arbitrary-code,Redirection from an HTTP connection to a˜data:˜URL assigns the referring site's origin to the˜data:URL in some circumstances. This can result in same-origin violations against a domain if it loads resources from malicious sites. Cross-origin setting of cookies has been demonstrated without the ability to read them.˜,,,,
mfsa2016-89,CVE-2016-5296,gfx/cairo/libpixman/src/pixman-edge-imp.h,critical,buffer-overflow,"A heap-buffer-overflow in Cairo when processing SVG content caused by compiler optimization, resulting in a potentially exploitable crash.",,,,
mfsa2016-89,CVE-2016-5292,netwerk/base/nsURLHelper.cpp,high,exploitable-crash,"During URL parsing, a maliciously crafted URL can cause a potentially exploitable crash.",,,,
,,toolkit/mozapps/update/updater/updater.cpp,,,,,,,
,,toolkit/xre/nsUpdateDriver.cpp,,,,,,,
mfsa2016-89,CVE-2016-5294,toolkit/mozapps/update/updater/updater.cpp,high,privilege-escalation,The Mozilla Updater can be made to choose an arbitrary target working directory for output files resulting from the update process. This vulnerability requires local system access.˜,,,,
mfsa2016-89,CVE-2016-5297,js/src/wasm/WasmInstance.cpp,high,buffer-overflow,"An error in argument length checking in JavaScript, leading to potential integer overflows or other bounds checking issues.",,,,
,,js/src/builtin/MapObject.cpp,,,,,,,
,,js/src/builtin/Reflect.cpp,,,,,,,
,,js/src/builtin/ReflectParse.cpp,,,,,,,
,,js/src/builtin/WeakMapObject.cpp,,,,,,,
,,js/src/builtin/WeakSetObject.cpp,,,,,,,
,,js/src/jit/VMFunctions.cpp,,,,,,,
,,js/src/jsfun.cpp,,,,,,,
,,js/src/proxy/CrossCompartmentWrapper.cpp,,,,,,,
,,js/src/vm/Debugger.cpp,,,,,,,
,,js/src/vm/Interpreter.cpp,,,,,,,
,,js/src/vm/SelfHosting.cpp,,,,,,,
mfsa2016-89,CVE-2016-9067,dom/base/nsINode.cpp,high,use-after-free,Two use-after-free errors during DOM operations resulting in potentially exploitable crashes.,,,,
mfsa2016-89,CVE-2016-9068,dom/animation/DocumentTimeline.cpp,high,use-after-free,A use-after-free during web animations when working with timelines resulting in a potentially exploitable crash.,,,,
,,dom/base/nsDocument.cpp,,,,,,,
,,layout/base/nsPresShell.cpp,,,,,,,
mfsa2016-89,CVE-2016-9077,dom/canvas/CanvasRenderingContext2D.cpp,high,arbitrary-code,"Canvas allows the use of the˜feDisplacementMap˜filter on images loaded cross-origin. The rendering by the filter is variable depending on the input pixel, allowing for timing attacks when the images are loaded from third party locations.",,,,
mfsa2016-89,CVE-2016-5291,netwerk/base/nsBaseChannel.cpp,moderate,arbitrary-code,A same-origin policy bypass with local shortcut files to load arbitrary local content from disk.,,,,
mfsa2016-89,CVE-2016-5295,toolkit/components/maintenanceservice/workmonitor.cpp,moderate,privilege-escalation,This vulnerability allows an attacker to use the Mozilla Maintenance Service to escalate privilege by having the Maintenance Service invoke the Mozilla Updater to run malicious local files. This vulnerability requires local system access and is a variant of MFSA2013-44.˜,,,,
mfsa2016-89,CVE-2016-9076,layout/xul/PopupBoxObject.cpp,moderate,?,"An issue where a˜<select>˜dropdown menu can be used to cover location bar content, resulting in potential spoofing attacks. This attack requires e10s to be enabled in order to function.",,,,
,,layout/xul/nsMenuPopupFrame.cpp,,,,,,,
mfsa2016-89,CVE-2016-9063,parser/expat/lib/xmlparse.c,low,buffer-overflow,An integer overflow during the parsing of XML using the Expat library.,,,,
mfsa2016-89,CVE-2016-9071,dom/security/nsCSPUtils.cpp,low,data-leakage,Content Security Policy combined with HTTP to HTTPS redirection can be used by malicious server to verify whether a known site is within a user's browser history.,,,,
mfsa2016-89,CVE-2016-5289,dom/events/EventListenerManager.cpp,critical,arbitrary-code,"Mozilla developers and community members Christian Holler, Andrew McCreight, Dan Minor, Tyson Smith, Jon Coppeard, Jan-Ivar Bruaroey, Jesse Ruderman, and Markus Stange reported memory safety bugs present in Firefox 49. Some of these bugs showed evidence of memory corruption and we presume that with enough effort that some of these could be exploited to run arbitrary code.",,,,
,,dom/media/mediasource/TrackBuffersManager.cpp,,,,,,,
,,js/src/vm/StructuredClone.cpp,,,,,,,
,,media/webrtc/signaling/src/media-conduit/VideoConduit.cpp,,,,,,,
,,dom/media/webrtc/MediaEngineCameraVideoSource.cpp,,,,,,,
,,dom/media/webrtc/MediaEngineRemoteVideoSource.cpp,,,,,,,
,,dom/base/PostMessageEvent.cpp,,,,,,,
,,dom/base/StructuredCloneHolder.cpp,,,,,,,
,,dom/broadcastchannel/BroadcastChannel.cpp,,,,,,,
,,dom/indexedDB/ActorsParent.cpp,,,,,,,
,,dom/indexedDB/IDBObjectStore.cpp,,,,,,,
,,dom/workers/ServiceWorkerClient.cpp,,,,,,,
,,dom/workers/WorkerPrivate.cpp,,,,,,,
,,dom/xhr/XMLHttpRequestWorker.cpp,,,,,,,
,,js/src/vm/StructuredClone.cpp,,,,,,,
,,js/src/jit/BaselineBailouts.cpp,,,,,,,
,,js/src/jit/BaselineCompiler.cpp,,,,,,,
,,js/src/jit/BaselineDebugModeOSR.cpp,,,,,,,
,,js/src/jit/BaselineJIT.cpp,,,,,,,
,,js/src/jit/Ion.cpp,,,,,,,
,,js/src/jit/SharedIC.cpp,,,,,,,
mfsa2016-89,CVE-2016-5290,dom/base/Element.cpp,critical,arbitrary-code,"Mozilla developers and community members Olli Pettay, Christian Holler, Ehsan Akhgari, Jon Coppeard, Gary Kwong, Tooru Fujisawa, Philipp, and Randell Jesup reported memory safety bugs present in Firefox 49 and Firefox ESR 45.4. Some of these bugs showed evidence of memory corruption and we presume that with enough effort that some of these could be exploited to run arbitrary code.",,,,
,,dom/base/nsTreeSanitizer.cpp,,,,,,,
,,dom/html/HTMLSelectElement.cpp,,,,,,,
,,dom/html/HTMLTableElement.cpp,,,,,,,
,,dom/html/HTMLTableSectionElement.cpp,,,,,,,
,,editor/libeditor/CreateElementTransaction.cpp,,,,,,,
,,editor/libeditor/DeleteNodeTransaction.cpp,,,,,,,
,,editor/libeditor/EditorBase.cpp,,,,,,,
,,editor/libeditor/JoinNodeTransaction.cpp,,,,,,,
,,editor/libeditor/SplitNodeTransaction.cpp,,,,,,,
,,parser/html/nsHtml5Tokenizer.cpp,,,,,,,
,,js/src/gc/RootMarking.cpp,,,,,,,
,,js/src/jit/IonBuilder.cpp,,,,,,,
,,js/src/vm/HelperThreads.cpp,,,,,,,
,,js/src/jit/IonAnalysis.cpp,,,,,,,
,,js/src/jit/Ion.cpp,,,,,,,
,,js/src/jit/IonBuilder.cpp,,,,,,,
,,js/src/jit/MIR.cpp,,,,,,,
,,js/src/vm/HelperThreads.cpp,,,,,,,
,,js/src/jit/RematerializedFrame.cpp,,,,,,,
,,dom/base/nsCopySupport.cpp,,,,,,,
,,dom/base/nsDOMAttributeMap.cpp,,,,,,,
,,dom/events/IMEStateManager.cpp,,,,,,,
,,dom/html/nsHTMLDocument.cpp,,,,,,,
,,dom/indexedDB/ActorsParent.cpp,,,,,,,
,,dom/jsurl/nsJSProtocolHandler.cpp,,,,,,,
,,dom/network/UDPSocketParent.cpp,,,,,,,
,,js/xpconnect/src/nsXPConnect.cpp,,,,,,,
,,media/mtransport/nr_timer.cpp,,,,,,,
,,security/manager/pki/nsNSSDialogs.cpp,,,,,,,
,,toolkit/components/downloads/ApplicationReputation.cpp,,,,,,,
,,toolkit/components/url-classifier/nsUrlClassifierDBService.cpp,,,,,,,
,,toolkit/xre/nsAppRunner.cpp,,,,,,,
,,dom/events/IMEStateManager.cpp,,,,,,,
,,js/src/jit/CompileWrappers.cpp,,,,,,,
,,js/src/jit/IonBuilder.cpp,,,,,,,
,,js/src/vm/HelperThreads.cpp,,,,,,,
,,js/src/frontend/Parser.cpp,,,,,,,
mfsa2016-87,CVE-2016-5287,ipc/glue/IPCStreamUtils.cpp,high,use-after-free,A potentially exploitable use-after-free crash during actor destruction with service workers. This issue does not affect releases earlier than Firefox 49.,,,,
mfsa2016-85,CVE-2016-2827,dom/security/nsCSPParser.cpp,low,buffer-overflow,A content security policy (CSP) containing a˜referrer˜directive with no values can cause a non-exploitable crash.,,,,
mfsa2016-85,CVE-2016-5270,layout/generic/nsTextRunTransformations.cpp,high,buffer-overflow,An out-of-bounds write of a boolean value during text conversion with some unicode characters,,,,
mfsa2016-85,CVE-2016-5271,layout/base/nsCSSFrameConstructor.cpp,low,buffer-overflow,An out-of-bounds read during the processing of text runs in some pages using˜display:contents.,,,,
mfsa2016-85,CVE-2016-5272,layout/forms/nsComboboxControlFrame.cpp,high,buffer-overflow,A bad cast when processing layout with˜input˜elements can result in a potentially exploitable crash.,,,,
mfsa2016-85,CVE-2016-5273,accessible/generic/HyperTextAccessible.cpp,high,buffer-overflow,A potentially exploitable crash in accessibility.,,,,
,,accessible/base/EventTree.cpp,high,,,,,,
mfsa2016-85,CVE-2016-5276,accessible/generic/DocAccessible.cpp,high,use-after-free,A use-after-free vulnerability triggered by setting a˜aria-owns˜attribute.,,,,
mfsa2016-85,CVE-2016-5274,layout/style/nsRuleNode.cpp,high,use-after-free,A use-after-free issue in web animations during restyling.,,,,
mfsa2016-85,CVE-2016-5277,dom/animation/DocumentTimeline.cpp,high,use-after-free,A use-after-free vulnerability with web animations when destroying a timeline.,,,,
mfsa2016-85,CVE-2016-5275,dom/canvas/CanvasRenderingContext2D.cpp,critical,buffer-overflow,A buffer overflow when working with empty filters during canvas rendering.,,,,
,,gfx/src/FilterSupport.cpp,,,,,,,
mfsa2016-85,CVE-2016-5278,dom/base/ImageEncoder.cpp,critical,buffer-overflow,A potentially exploitable crash caused by a buffer overflow while encoding image frames to images.,,,,
mfsa2016-85,CVE-2016-5279,dom/events/DataTransfer.cpp,moderate,data-leakage,The full path to local files is available to scripts when local files are drag and dropped into Firefox.,,,,
mfsa2016-85,CVE-2016-5280,dom/base/DirectionalityUtils.cpp,high,use-after-free,Use-after-free vulnerability when changing text direction.,,,,
mfsa2016-85,CVE-2016-5281,dom/svg/DOMSVGLength.cpp,high,use-after-free,Use-after-free vulnerability when manipulating SVG format content through script.,,,,
mfsa2016-85,CVE-2016-5283,layout/base/MobileViewportManager.cpp,high,data-leakage,A timing attack vulnerability using iframes to potentially reveal private data using document resizes and link colors.,,,,
,,view/nsViewManager.cpp,,,,,,,
mfsa2016-84,CVE-2016-5250,netwerk/protocol/http/HttpBaseChannel.cpp,moderate,data-leakage,Amazon software engineer˜Catalin Dumitru˜reported that the URLs of resources loaded after a navigation started (such as in an unload event handler) were leaked to the following page through the Resource Timing API. This leads to potential information disclosure.,,,,
mfsa2016-83,CVE-2016-5268,browser/components/about/AboutRedirector.cpp,low,spoofing,Security researcher˜musicDespiteEverything˜reported that some of the special˜about:˜URLs used by Firefox to display system information or error messages can incorporate text passed as parmeters. These could be used in spoofing attacks.,,,,
,,docshell/base/nsAboutRedirector.cpp,,,,,,,
,,netwerk/protocol/about/nsAboutBlank.cpp,,,,,,,
,,netwerk/protocol/about/nsAboutProtocolHandler.cpp,,,,,,,
mfsa2016-81,CVE-2016-5266,dom/events/DataTransfer.cpp,moderate,arbitrary-code,"Security researcher˜Rafael Gieschke˜reported that file URIs dragged from a web page in Firefox to other software do not have their contents properly filtered before being passed to other programs, such as the local file manager. This can allow for the theft or manipulation of arbitrary local files if a user can be convinced to drag items from a malicious web page to other programs.",,,,
,,dom/ipc/ContentChild.cpp,,,,,,,
,,dom/ipc/TabParent.cpp,,,,,,,
,,widget/gtk/nsDragService.cpp,,,,,,,
,,widget/nsClipboardProxy.cpp,,,,,,,
,,widget/nsPrimitiveHelpers.cpp,,,,,,,
,,widget/windows/nsClipboard.cpp,,,,,,,
,,widget/windows/nsDataObj.cpp,,,,,,,
mfsa2016-80,CVE-2016-5265,netwerk/base/LoadInfo.cpp,moderate,arbitrary-code,"Security researcher˜Abdulrahman Alqabandi˜reported that when a local HTML file resides in the same directory as a malicious local shortcut file, the shortcut can be called by the local page to allow the page to read the contents of local files or directories or to load an arbitrary website in violation of same-origin policy, allowing for data theft. In order for this vulnerability to be triggered, both the malicious HTML file as well as the shortcut must be saved to the same local directory and then loaded from there by a user.",,,,
,,netwerk/base/nsBaseChannel.cpp,,,,,,,
mfsa2016-78,CVE-2016-5263,layout/painting/nsDisplayList.cpp,high,arbitrary-code,"Using the Address Sanitizer tool, security researcher˜Nils˜reported a type confusion flaw in display transformation during rendering due to incorrect bounds checking. This leads to a potentially exploitable crash and can be triggered by web content.",,,,
mfsa2016-77,CVE-2016-2837,media/gmp-clearkey/0.1/ClearKeyDecryptionManager.cpp,high,buffer-overflow,"An anonymous security researcher working with Trend Micro's Zero Day Initiative reported a buffer overflow in the ClearKey Content Decryption Module (CDM) used by the Encrypted Media Extensions (EME) API. This vulnerability can be triggered using a malformed video file due to incorrect error handling. This could allow arbitrary code execution if combined with a second vulnerability that allows an escape from the Gecko Media Plugin (GMP) sandbox. Without such a vulnerability, the buffer overflow is contained within the GMP sandbox and cannot be exploited.",,,,
mfsa2016-76,CVE-2016-5262,dom/base/nsDocument.cpp,moderate,cross-site-scripting,Security researcher˜Nikita Arykov˜reported that JavaScript event handler attributes on a˜<marquee>˜tag will execute inside a sandboxed iframe that does not have the allow-scripts flag set. This could result in a cross-site scripting (XSS) vulnerability in a site that depends on the iframe sandbox for sanitization and does no other content filtering.,,,,
,,dom/events/EventListenerManager.cpp,,,,,,,
,,dom/jsurl/nsJSProtocolHandler.cpp,,,,,,,
,1350330,gfx/layers/ipc/ShadowLayers.cpp,critical,Code - Resource Management Error - Improper Resource Shutdown or Release,Crash in mozalloc_abort | NS_DebugBreak | mozilla::ipc::LogicError | mozilla::layers::PLayerTransactionChild::SendReleaseCompositable,,,,
,1356516,dom/media/gmp/GMPServiceChild.cpp,critical,Code - Resource Management Error - Improper Resource Shutdown or Release,Crash in mozilla::ipc::MessageChannel::Clear called from ~PGMPServiceChild(),,,,
,1358979,dom/base/nsDocumentEncoder.cpp,normal,Code - Resource Management Error - Improper Resource Shutdown or Release,nsDocumentEncoder with RequiresReinitAfterOutput should reset some strong pointers,,,,
,,dom/base/nsPlainTextSerializer.cpp,normal,Code - Resource Management Error - Improper Resource Shutdown or Release,nsDocumentEncoder with RequiresReinitAfterOutput should reset some strong pointers,,,,
,1359951,netwerk/protocol/websocket/WebSocketChannelChild.cpp,critical,Code - Resource Management Error - Improper Resource Shutdown or Release,Crash in mozalloc_abort | NS_DebugBreak | mozilla::ipc::FatalError | mozilla::net::PNeckoChild::SendPWebSocketConstructor,,,,
,1360332,netwerk/protocol/http/HttpChannelParent.cpp,critical,Code - Resource Management Error - Improper Resource Shutdown or Release,Crash in mozilla::net::HttpChannelParent::NotifyDiversionFailed,,,,
,1362821,netwerk/base/nsSocketTransport2.cpp,major,Code - Traversal,Networking stops occasionally,,,,
,,netwerk/protocol/http/nsHttpConnectionMgr.cpp,major,Code - Traversal,Networking stops occasionally,,,,
,1362959,netwerk/base/nsSocketTransport2.cpp,critical,Code - Resource Management Error - Improper Resource Shutdown or Release,Crash in mozilla::net::nsHttpConnection::CloseConnectionFastOpenTakesTooLongOrError,,,,
,1363372,netwerk/base/TCPFastOpenLayer.cpp,critical,Code - Resource Management Error - Improper Resource Shutdown or Release,Crash in mozilla::net::HttpChannelParentListener::GetInterface [tfo overlapped IO],,,,
,,netwerk/base/nsSocketTransport2.cpp,critical,Code - Resource Management Error - Improper Resource Shutdown or Release,Crash in mozilla::net::HttpChannelParentListener::GetInterface [tfo overlapped IO],,,,
,,netwerk/base/nsSocketTransportService2.cpp,critical,Code - Resource Management Error - Improper Resource Shutdown or Release,Crash in mozilla::net::HttpChannelParentListener::GetInterface [tfo overlapped IO],,,,
,,netwerk/protocol/http/nsHttpHandler.cpp,critical,Code - Resource Management Error - Improper Resource Shutdown or Release,Crash in mozilla::net::HttpChannelParentListener::GetInterface [tfo overlapped IO],,,,
,,netwerk/protocol/http/nsHttpConnectionMgr.cpp,critical,Code - Resource Management Error - Improper Resource Shutdown or Release,Crash in mozilla::net::HttpChannelParentListener::GetInterface [tfo overlapped IO],,,,
,1363395,dom/base/nsGlobalWindow.cpp,critical,Code - Resource Management Error - Improper Resource Shutdown or Release,Crash in nsGlobalWindow::Location,,,,
,,chrome/nsChromeRegistry.cpp,critical,Code - Resource Management Error - Improper Resource Shutdown or Release,Crash in nsGlobalWindow::Location,,,,
,,dom/base/nsDocument.cpp,critical,Code - Resource Management Error - Improper Resource Shutdown or Release,Crash in nsGlobalWindow::Location,,,,
,,media/webrtc/signaling/src/peerconnection/PeerConnectionImpl.cpp,critical,Code - Resource Management Error - Improper Resource Shutdown or Release,Crash in nsGlobalWindow::Location,,,,
,,toolkit/xre/nsNativeAppSupportWin.cpp,critical,Code - Resource Management Error - Improper Resource Shutdown or Release,Crash in nsGlobalWindow::Location,,,,
,1363472,netwerk/protocol/wyciwyg/nsWyciwygProtocolHandler.cpp,critical,Code - Time and State - Race Conditions,Crash in mozalloc_abort | NS_DebugBreak | mozilla::ipc::FatalError | mozilla::net::PNeckoChild::SendPWyciwygChannelConstructor,,,,
,1363658,dom/base/nsXMLContentSerializer.cpp,normal,Code - Code Quality,Serializing DocumentType (doctype) nodes should not include the internal subset,,,,
,1364283,netwerk/dns/nsIDNService.cpp,normal,Code - Data Processing,"Security: disallow ""Canadian Syllabics"" unicode block from IDN domains",,,,
,1364691,gfx/skia/skia/src/core/SkScan_AAAPath.cpp,critical,Code - Data Processing,Crash in SkScan::AAAFillPath,,,,
,,gfx/skia/skia/src/core/SkScan_Path.cpp,critical,Code - Data Processing,Crash in SkScan::AAAFillPath,,,,
,1366812,dom/base/TimeoutManager.cpp,critical,Code - Resource Management Error - Improper Resource Shutdown or Release,Crash in mozilla::dom::TimeoutManager::MaybeStartThrottleTrackingTimout,,,,
,1367413,layout/generic/nsAbsoluteContainingBlock.cpp,normal,Code - Resource Management Error - Improper Resource Shutdown or Release,"Assertion failure: kidOverflowBEnd >= kidBEnd, at /mozilla/builds/nightly/mozilla/layout/generic/nsAbsoluteContainingBlock.cpp:154",,,,
,1368327,dom/base/Location.cpp,normal,Code - Code Quality,"Assertion failure: aDocShell, at dom/base/Location.cpp:57",,,,
,1368335,dom/base/nsGlobalWindow.cpp,normal,Code - Code Quality,Crash [@ IdleRequestExecutor::MaybeDispatch ] | Assertion failure: mRawPtr != nullptr (You can't dereference a NULL RefPtr with operator->().),,,,
,1369878,netwerk/protocol/http/HttpBackgroundChannelParent.cpp,critical,Code - Code Quality,Crash in mozilla::net::HttpBackgroundChannelParent::LinkToChannel,,,,
,1370087,dom/storage/StorageUtils.cpp,critical,Code - Code Quality,Crash in mozilla::dom::StorageUtils::GenerateOriginKey,,,,
,1370968,dom/base/DOMIntersectionObserver.cpp,critical,Code - Code Quality,Crash in nsLayoutUtils::FindNearestCommonAncestorFrame,,,,
,1371020,dom/base/TimeoutManager.cpp,critical,Code - Code Quality,Crash in mozilla::dom::Timeout::When,,,,
,1373281,xpcom/threads/ThreadStackHelper.cpp,critical,Code - Code Quality,Crash in mozilla::ThreadStackHelper::FillStackBuffer,,,,
,1373836,gfx/layers/Layers.cpp,critical,Code - Resource Management Error - Uncontrolled Resource Consumption,Crash in OOM | large | NS_ABORT_OOM | nsBaseHashtable<T>::Put | mozilla::layers::CompositorAnimationStorage::SetAnimatedValue,,,,
,,gfx/layers/ipc/LayerTransactionParent.cpp,critical,Code - Resource Management Error - Uncontrolled Resource Consumption,Crash in OOM | large | NS_ABORT_OOM | nsBaseHashtable<T>::Put | mozilla::layers::CompositorAnimationStorage::SetAnimatedValue,,,,
,1378219,layout/base/RestyleManager.cpp,critical,Code - Resource Management Error,Crash in nsTHashtable<T>::Contains | mozilla::RestyleManager::ProcessRestyledFrames,,,,
,1380255,dom/fetch/FetchDriver.cpp,normal,Code - Resource Management Error,Make FetchDriver thread safe,,,,
,,dom/fetch/Fetch.cpp,normal,Code - Resource Management Error,Make FetchDriver thread safe,,,,
,,netwerk/protocol/http/HttpBaseChannel.cpp,normal,Code - Resource Management Error,Make FetchDriver thread safe,,,,
,,toolkit/components/extensions/webrequest/StreamFilterParent.cpp,normal,Code - Resource Management Error,Make FetchDriver thread safe,,,,
,1384929,gfx/2d/DrawTarget.cpp,critical,Code - Code Quality,Crash in mozilla::gfx::DrawTarget::IntoLuminanceSource,,,,
,1383025,dom/ipc/ProcessHangMonitor.cpp,critical,Code - Resource Management Error - Uncontrolled Resource Consumption,Crash in OOM | large | NS_ABORT_OOM | nsBaseHashtable<T>::Put | std::_Func_impl<T>::_Do_call,,,,
,1396300,dom/fetch/BodyExtractor.cpp,critical,Code - Code Quality,Crash in OOM | large | NS_ABORT_OOM | CopyUTF16toUTF8 | mozilla::dom::XMLHttpRequestMainThread::SendInternal,,,,
,1397040,gfx/layers/d3d11/TextureD3D11.cpp,normal,Code - Resource Management Error,Increase in Intel graphics driver crashes during 56.0b,,,,
,1409858,netwerk/protocol/http/Http2Session.cpp,normal,Code - Code Quality,Proxy with authorization causes all networking to lock up,,,,
,,netwerk/protocol/http/Http2Stream.cpp,normal,Code - Code Quality,Proxy with authorization causes all networking to lock up,,,,
,,netwerk/protocol/http/TunnelUtils.cpp,normal,Code - Code Quality,Proxy with authorization causes all networking to lock up,,,,
,1412559,docshell/base/nsDocShell.cpp,major,Code - Security Features - Protection Mechanism Failure,Malicious page can cause POSTDATA confirm dialog loop and prevent leaving / closing tab,,,,
,1396520,dom/base/nsRange.cpp,critical,Code - Code Quality,Crash in nsRange::IsNodeSelected,,,,
,1397128,dom/cache/ReadStream.cpp,normal,Code - Resource Management Error - Uncontrolled Resource Consumption,Crash on www.ft.com,,,,
,,dom/cache/Manager.cpp,normal,Code - Resource Management Error - Uncontrolled Resource Consumption,Crash on www.ft.com,,,,
,,dom/cache/StreamList.cpp,normal,Code - Resource Management Error - Uncontrolled Resource Consumption,Crash on www.ft.com,,,,
,,dom/cache/CacheStreamControlChild.cpp,normal,Code - Resource Management Error - Uncontrolled Resource Consumption,Crash on www.ft.com,,,,
,,dom/cache/CacheStreamControlParent.cpp,normal,Code - Resource Management Error - Uncontrolled Resource Consumption,Crash on www.ft.com,,,,
,,dom/cache/AutoUtils.cpp,normal,Code - Resource Management Error - Uncontrolled Resource Consumption,Crash on www.ft.com,,,,
,,dom/cache/Cache.cpp,normal,Code - Resource Management Error - Uncontrolled Resource Consumption,Crash on www.ft.com,,,,
,,dom/cache/CacheStorage.cpp,normal,Code - Resource Management Error - Uncontrolled Resource Consumption,Crash on www.ft.com,,,,
,,dom/cache/CacheOpChild.cpp,normal,Code - Resource Management Error - Uncontrolled Resource Consumption,Crash on www.ft.com,,,,
,1397214,dom/ipc/ContentChild.cpp,critical,Code - Resource Management Error - Uncontrolled Resource Consumption,Crash in gfxPlatform::InitAcceleration,,,,
,1398070,ipc/glue/MessageChannel.cpp,critical,Code - Resource Management Error - Improper Resource Shutdown or Release,Crash in mozilla::ipc::MessageChannel::WillDestroyCurrentMessageLoop,,,,
,1398109,dom/base/nsGlobalWindow.cpp,critical,Code - Code Quality,Crash in nsPIDOMWindowInner::UpdateWebSocketCount [clone .cold.576],,,,
,1398231,dom/cache/FileUtils.cpp,critical,Code - Resource Management Error - Improper Resource Shutdown or Release,Crash in mozilla::dom::cache::LockedDirectoryPaddingGet,,,,
,1402586,dom/cache/CacheStreamControlChild.cpp,critical,Code - Time and State - Race Conditions,Crash in nsTArray_base<T>::SwapArrayElements<T> | nsTArray_Impl<T>::SwapElements<T> | mozilla::ipc::DeserializeIPCStream,,,,
,1404518,gfx/gl/GLBlitHelperD3D.cpp,critical,Code - Code Quality,Crash in mozilla::gl::GLBlitHelper::BlitDescriptor,,,,
,1418810,netwerk/base/nsSimpleURI.cpp,critical,Code - Resource Management Error - Improper Resource Shutdown or Release,Crash in OOM | large | NS_ABORT_OOM | mozilla::net::nsSimpleURI::SetPathQueryRefEscaped,,,,
,1419264,widget/windows/GfxInfo.cpp,normal,Environment,Firefox 57.0-58.0b4 & nVidia graphic drivers crash,,,,
,1426996,xpcom/io/nsEscape.cpp,critical,Code - Resource Management Error - Improper Resource Shutdown or Release,Crash in OOM | large | NS_ABORT_OOM | NS_EscapeAndFilterURL,,,,
,1406253,dom/base/nsCopySupport.cpp,normal,Code - Traversal - Link Following,HTMLImageElement currentURI after redirect is pre-redirect uri,,,,
,,image/imgLoader.cpp,normal,Code - Traversal - Link Following,HTMLImageElement currentURI after redirect is pre-redirect uri,,,,
,,image/imgRequest.cpp,normal,Code - Traversal - Link Following,HTMLImageElement currentURI after redirect is pre-redirect uri,,,,
,,image/imgRequestProxy.cpp,normal,Code - Traversal - Link Following,HTMLImageElement currentURI after redirect is pre-redirect uri,,,,
,,dom/base/nsImageLoadingContent.cpp,normal,Code - Traversal - Link Following,HTMLImageElement currentURI after redirect is pre-redirect uri,,,,
,1407258,dom/base/nsDocument.cpp,critical,Code - Code Quality,Crash in nsNodeInfoManager::SetDocumentPrincipal,,,,
,1413618,layout/base/nsLayoutUtils.cpp,normal,Code - Code Quality,UBSan: layout/base/nsLayoutUtils.cpp:1134:50: runtime error: division by zero [@ GetDisplayPortFromMarginsData],,,,
,1414077,dom/html/ImageDocument.cpp,normal,Code - Code Quality,UBSan: division by zero [@ mozilla::dom::ImageDocument::ScrollImageTo],,,,
,1416864,gfx/2d/DrawTargetD2D1.cpp,critical,Code - Time and State - Race Conditions,Crash in mozilla::gfx::DrawTargetD2D1::Flush,,,,
,,gfx/2d/SourceSurfaceD2D1.cpp,critical,Code - Time and State - Race Conditions,Crash in mozilla::gfx::DrawTargetD2D1::Flush,,,,
,1416868,layout/painting/FrameLayerBuilder.cpp,critical,Code - Code Quality,Crash in nsTArray_Impl<T>::operator==<T> | mozilla::MaskLayerUserData::operator==,,,,
,1418791,gfx/2d/DrawTargetD2D1.cpp,critical,Code - Resource Management Error - Use After Free,Crash in mozilla::gfx::FillRectCommand::FillRectCommand,,,,
,1427089,gfx/layers/client/ClientPaintedLayer.cpp,critical,Code - Time and State - Race Conditions,Crash in mozilla::layers::CompositorBridgeChild::NotifyFinishedAsyncEndLayerTransaction,,,,
,,gfx/layers/client/ClientLayerManager.cpp,critical,Code - Time and State - Race Conditions,Crash in mozilla::layers::CompositorBridgeChild::NotifyFinishedAsyncEndLayerTransaction,,,,
,1427091,dom/file/BlobSet.cpp,critical,Code - Resource Management Error - Uncontrolled Resource Consumption,Crash in OOM | large | NS_ABORT_OOM | AppendUTF16toUTF8 | mozilla::dom::MultipartBlobImpl::InitializeBlob,,,,
,1417448,netwerk/base/nsNetUtil.cpp,critical,Code - Time and State - Race Conditions,Crash in _platform_memmove$VARIANT$Haswell | <name omitted> | nsPipeInputStream::ReadSegments,,,,
,1421009,dom/base/nsGlobalWindowInner.cpp,normal,Code - Resource Management Error - Use After Free,"Assertion failure: !HasTimeouts(), at /src/dom/base/TimeoutManager.cpp:888",,,,
,1428946,dom/base/nsDOMWindowUtils.cpp,normal,Code - Code Quality,"Assertion failure: mIsMapped, at /builds/worker/workspace/build/src/obj-firefox/dist/include/mozilla/gfx/2D.h:530",,,,
,1429961,layout/generic/nsContainerFrame.cpp,normal,Code - Code Quality,"Assertion failure: IsInUncomposedDoc() || IsInShadowTree() (This will end badly!), at /src/dom/base/nsIContentInlines.h:34",,,,
,1357835,netwerk/protocol/http/nsHttpChannelAuthProvider.cpp,normal,Configuration,Add a pref to disable HTTP Auth on 3rd party images,,,,
,1363716,netwerk/protocol/http/nsHttpHandler.cpp,critical,Environment,Disable TFO with Lavasoft,,,,
,1384658,dom/base/WebSocket.cpp,critical,Code - Resource Management Error - Uncontrolled Resource Consumption,Hang with websockets created inside an iframe when page has been navigated to using window.open with _top,,,,
,1387079,gfx/skia/skia/src/core/SkBlitter.cpp,major,Code - Resource Management Error - Uncontrolled Resource Consumption,"[Linux] Noticeable performance issues when scrolling on some popular websites (twitter, linkedin, pinterest)",,,,
,1377897,netwerk/protocol/http/nsHttpConnectionMgr.cpp,critical,Code - Resource Management Error - Improper Resource Shutdown or Release,Crash in mozilla::net::nsHttpConnectionMgr::nsHalfOpenSocket::StartFastOpen,,,,
,1377936,gfx/layers/mlgpu/RenderPassMLGPU.cpp,critical,Code - Code Quality,Crash in mozilla::layers::RenderViewPass::SetupPipeline,,,,
,1411384,dom/xhr/XMLHttpRequestMainThread.cpp,normal,Code - Code Quality,"Assertion failure: !mEventDispatchingSuspended, at /builds/worker/workspace/build/src/dom/xhr/XMLHttpRequestMainThread.cpp:1432",,,,
,,dom/base/nsImageLoadingContent.cpp,normal,Code - Code Quality,"Assertion failure: !mPendingRequest (mPendingRequest should be null.), at /builds/worker/workspace/build/src/dom/base/nsImageLoadingContent.cpp:1407",,,,
,,dom/html/HTMLImageElement.cpp,normal,Code - Code Quality,"Assertion failure: !mPendingRequest (mPendingRequest should be null.), at /builds/worker/workspace/build/src/dom/base/nsImageLoadingContent.cpp:1407",,,,
,1412173,dom/base/nsDocument.cpp,normal,Code - Code Quality,"Assertion failure: !mDidCallBeginLoad, at /builds/worker/workspace/build/src/dom/base/nsDocument.cpp:5390",,,,
,,dom/html/nsHTMLDocument.cpp,normal,Code - Code Quality,"Assertion failure: !mDidCallBeginLoad, at /builds/worker/workspace/build/src/dom/base/nsDocument.cpp:5390",,,,
,,layout/base/nsDocumentViewer.cpp,normal,Code - Code Quality,"Assertion failure: !mDidCallBeginLoad, at /builds/worker/workspace/build/src/dom/base/nsDocument.cpp:5390",,,,
,1398043,dom/cache/DBSchema.cpp,critical,Code - Code Quality,Crash in mozilla::dom::cache::db::`anonymous namespace''::ReadResponse,,,,
,1400573,gfx/2d/DrawTargetD2D1.cpp,normal,Code - Resource Management Error - Improper Resource Shutdown or Release,http://www.experian.com unusable and high cpu even after tab closed,,,,
,1402581,dom/cache/Manager.cpp,critical,Code - Resource Management Error - Improper Resource Shutdown or Release,Crash in mozilla::dom::cache::LockedUpdateDirectoryPaddingFile,,,,
,,dom/cache/FileUtils.cpp,critical,Code - Resource Management Error - Improper Resource Shutdown or Release,Crash in mozilla::dom::cache::LockedUpdateDirectoryPaddingFile,,,,
,,dom/cache/QuotaClient.cpp,critical,Code - Resource Management Error - Improper Resource Shutdown or Release,Crash in mozilla::dom::cache::LockedUpdateDirectoryPaddingFile,,,,
,1403522,netwerk/base/nsProtocolProxyService.cpp,normal,Code - Traversal,No Proxy For' does not work right if it contains '<local>' only,,,,
,,netwerk/test/gtest/TestProtocolProxyService.cpp,normal,Code - Traversal,No Proxy For' does not work right if it contains '<local>' only,,,,
,1415536,netwerk/base/NetworkActivityMonitor.cpp,normal,Code - Resource Management Error - Improper Resource Shutdown or Release,Extend NotifyNetworkActivity,,,,
,,netwerk/base/nsSocketTransportService2.cpp,normal,Code - Resource Management Error - Improper Resource Shutdown or Release,Extend NotifyNetworkActivity,,,,
,1425959,layout/base/nsCSSFrameConstructor.cpp,normal,Code - Code Quality,"Assertion failure: providerFrame && providerFrame->GetParent()-> IsFrameOfType(nsIFrame::eBlockFrame) (How could we get a ::first-line parent style without having a ::first-line provider frame?), at /src/layout/base/ServoRestyleManager.cpp:1618",,,,
,1429215,layout/base/nsLayoutUtils.cpp,normal,Code - Code Quality,Make assertion condition more sensitive / less crashy in GetFloatFromPlaceholder,,,,
,1428353,layout/base/nsFrameManager.cpp,normal,Code - Code Quality,"Assertion failure: parent || !aContent->GetParent() (no non-elements), at /builds/worker/workspace/build/src/layout/base/nsFrameManager.cpp:138",,,,
,1405199,netwerk/base/nsBaseChannel.cpp,normal,Code - Traversal - Link Following,"in Version 56, *.URL shortcuts open cached version of webpage and show local path to shortcut instead of live webpage and URL",,,,